num_cores,num_threads,seed,program,wc_time,area
24,2,144545,omp,42.021488,1.506652
24,2,144545,omp,42.032978,1.506870
24,2,144545,omp,42.041222,1.506660
24,2,144545,omp,42.021210,1.506564
24,2,144545,omp,42.015316,1.506676
24,2,144545,omp,42.021500,1.506942
