num_cores,num_threads,seed,program,wc_time,area
24,2,144545,omp,42.007767,1.506912
24,2,144545,omp,42.007545,1.506786
24,2,144545,omp,42.010139,1.506784
24,12,144545,omp-ts,9.751529,1.508524
24,12,144545,omp-ts,9.749893,1.508524
