num_cores,num_threads,seed,program,wc_time,area
24,1,144545,serial-avx,17.725515,1.506826
24,1,144545,serial-avx,17.726967,1.506826
24,1,144545,serial-avx,17.716722,1.506826
