num_cores,num_threads,schedule,seed,program,wc_time,area
24,1,UNDEFINED,144545,serial,49.239750,1.506700
24,1,UNDEFINED,144545,serial,49.247162,1.506700
24,1,UNDEFINED,144545,serial,49.239708,1.506700
24,1,UNDEFINED,144545,serial-avx,17.797520,1.506826
24,1,UNDEFINED,144545,serial-avx,17.789064,1.506826
24,1,UNDEFINED,144545,serial-avx,17.793550,1.506826
