num_cores,num_threads,seed,program,wc_time,area
24,1,144545,serial-avx,17.843920,1.506700
24,1,144545,serial-avx,17.855255,1.506700
24,1,144545,serial-avx,17.851250,1.506700
